PlayerID,PlayerName,PlayerRating,PlayerURL,IsActive,IsOnTeam
131072,Joshua Ianno,986,https://www.pdga.com/player/131072,,
108547,Ko Simmel,996,https://www.pdga.com/player/108547,,
32774,Chris Zagone,949,https://www.pdga.com/player/32774,,
129032,Mark Fedorenko,993,https://www.pdga.com/player/129032,,
63497,Noah Jackson,981,https://www.pdga.com/player/63497,,
57352,Carl Rose,989,https://www.pdga.com/player/57352,,
43019,Brian Shintaku,971,https://www.pdga.com/player/43019,,
88077,Tanner Girouard,980,https://www.pdga.com/player/88077,,
55310,Andrew Nilsen,987,https://www.pdga.com/player/55310,,
106512,Isaac Fintak,963,https://www.pdga.com/player/106512,,
57365,Adam Hammes,1029,https://www.pdga.com/player/57365,,
59419,Luke Samson,1014,https://www.pdga.com/player/59419,,
24603,David Taylor Jr,954,https://www.pdga.com/player/24603,,
65564,Ville Viitanen,941,https://www.pdga.com/player/65564,,
47136,Tony Moe Reiss,1011,https://www.pdga.com/player/47136,,
30752,Juhani Vainio,984,https://www.pdga.com/player/30752,,
129061,Hjalte Jensen,1013,https://www.pdga.com/player/129061,,
81960,Shawn Hansen,965,https://www.pdga.com/player/81960,,
137259,Mathias Karlsen,949,https://www.pdga.com/player/137259,,
55340,Zack Kitchen,996,https://www.pdga.com/player/55340,,
34863,Vincent Sutlic,960,https://www.pdga.com/player/34863,,
47154,Lance Gregg,986,https://www.pdga.com/player/47154,,
67644,Craig Tofanelli,942,https://www.pdga.com/player/67644,,
155709,Eeka Kölhi,981,https://www.pdga.com/player/155709,,
38982,Joe Avansino,956,https://www.pdga.com/player/38982,,
127048,Nick Robertson,987,https://www.pdga.com/player/127048,,
43081,Mike Laitala,995,https://www.pdga.com/player/43081,,
49225,George Beno,996,https://www.pdga.com/player/49225,,
86089,Josh DiBattista,1001,https://www.pdga.com/player/86089,,
36940,Todd Wilkins,926,https://www.pdga.com/player/36940,,
168011,Tomi Tikko,982,https://www.pdga.com/player/168011,,
77904,GB Yang,980,https://www.pdga.com/player/77904,,
61523,Jon Boothe,1000,https://www.pdga.com/player/61523,,
53332,Tim Barham,1009,https://www.pdga.com/player/53332,,
45145,,0,https://www.pdga.com/player/45145,,
135258,Hugo Fröjdlund,999,https://www.pdga.com/player/135258,,
82011,Michael Waidhofer,970,https://www.pdga.com/player/82011,,
71774,Chris Norman,948,https://www.pdga.com/player/71774,,
114790,Allen Heston,976,https://www.pdga.com/player/114790,,
39015,Benjamin Callaway,1026,https://www.pdga.com/player/39015,,
71782,Alex Aguilar,978,https://www.pdga.com/player/71782,,
49257,Anthony Krolik,938,https://www.pdga.com/player/49257,,
47218,Jordan Stout,972,https://www.pdga.com/player/47218,,
77939,Isaiah Esquivel,974,https://www.pdga.com/player/77939,,
10355,Ray Johnson,995,https://www.pdga.com/player/10355,,
116860,Jeffrey McCormick,988,https://www.pdga.com/player/116860,,
125053,Torjus Sandermoen Øwre,967,https://www.pdga.com/player/125053,,
73855,Joe Carey,960,https://www.pdga.com/player/73855,,
133249,Juho Pylkkänen,983,https://www.pdga.com/player/133249,,
43138,Nolan Tsingine,975,https://www.pdga.com/player/43138,,
55426,Krystof Novak,978,https://www.pdga.com/player/55426,,
28804,Ethan Wellin,962,https://www.pdga.com/player/28804,,
28807,Joshua Layhew,968,https://www.pdga.com/player/28807,,
30858,Juho Parviainen,1002,https://www.pdga.com/player/30858,,
8332,Simon Lizotte,1037,https://www.pdga.com/player/8332,,
176270,Miro Ryhänen,1018,https://www.pdga.com/player/176270,,
100497,Fredy Meza,1016,https://www.pdga.com/player/100497,,
88212,Raven Newsom,1015,https://www.pdga.com/player/88212,,
43157,Mark Poole,980,https://www.pdga.com/player/43157,,
125079,Mikey Seibert,928,https://www.pdga.com/player/125079,,
108695,Roland Kõur,1006,https://www.pdga.com/player/108695,,
24734,Dave Smith,931,https://www.pdga.com/player/24734,,
18592,Bryan Lagergren,919,https://www.pdga.com/player/18592,,
32934,Greg Sorensen,972,https://www.pdga.com/player/32934,,
78000,Rocky The Great One Armijo,956,https://www.pdga.com/player/78000,,
184498,,0,https://www.pdga.com/player/184498,,
65715,Tuomas Hyytiäinen,1014,https://www.pdga.com/player/65715,,
82098,Linus Carlsson,1008,https://www.pdga.com/player/82098,,
96436,Joshua Johnson,993,https://www.pdga.com/player/96436,,
114877,Seth Talbott,1014,https://www.pdga.com/player/114877,,
71872,Tyler Schrock,996,https://www.pdga.com/player/71872,,
57537,Oddbjørn Molvik,974,https://www.pdga.com/player/57537,,
151744,Clay Harvey,1000,https://www.pdga.com/player/151744,,
65737,Nate Perkins,1001,https://www.pdga.com/player/65737,,
32973,Adam Chmielewski,942,https://www.pdga.com/player/32973,,
88279,Carter Ahrens,1007,https://www.pdga.com/player/88279,,
119003,Joshua Wedel,932,https://www.pdga.com/player/119003,,
43229,Andreas Havnegjerde,965,https://www.pdga.com/player/43229,,
65766,Tim Denna,1003,https://www.pdga.com/player/65766,,
28903,Karl Johan Nybo,1018,https://www.pdga.com/player/28903,,
39147,,0,https://www.pdga.com/player/39147,,
26860,Trevor Harbolt,991,https://www.pdga.com/player/26860,,
59635,Väinö Mäkelä,1032,https://www.pdga.com/player/59635,,
35070,Knut Valen Håland,1005,https://www.pdga.com/player/35070,,
137471,Peter Calabrese,1018,https://www.pdga.com/player/137471,,
96512,Robert Burridge,1021,https://www.pdga.com/player/96512,,
41217,Jeff Wilson,971,https://www.pdga.com/player/41217,,
41220,Nate Metzler,1004,https://www.pdga.com/player/41220,,
80134,Bohdan Bílek,1005,https://www.pdga.com/player/80134,,
174343,Ben Holding,984,https://www.pdga.com/player/174343,,
16648,Lee Semke,938,https://www.pdga.com/player/16648,,
35078,Jörg Eberts,984,https://www.pdga.com/player/35078,,
121099,Roni Rönkkönen,997,https://www.pdga.com/player/121099,,
59661,Timothy T3J Johnson Jr,1004,https://www.pdga.com/player/59661,,
18706,Jeffrey Bryk,979,https://www.pdga.com/player/18706,,
49428,Curtis Knott,972,https://www.pdga.com/player/49428,,
63765,Andrew Presnell,1029,https://www.pdga.com/player/63765,,
74005,Colin Poe,988,https://www.pdga.com/player/74005,,
49431,Jordan Castro,993,https://www.pdga.com/player/49431,,
37146,Chris Harris,1004,https://www.pdga.com/player/37146,,
20766,Brady O'Brien,958,https://www.pdga.com/player/20766,,
53538,Ville Ahokas,1014,https://www.pdga.com/player/53538,,
102693,Sean Portilla,958,https://www.pdga.com/player/102693,,
108837,Markus Fjørtoft,989,https://www.pdga.com/player/108837,,
129319,Troy Smart,945,https://www.pdga.com/player/129319,,
84263,Jordan Lee,972,https://www.pdga.com/player/84263,,
135467,Peyton Mansell,959,https://www.pdga.com/player/135467,,
119084,Landen Mortensen,1003,https://www.pdga.com/player/119084,,
88370,Dallas Wrinkle,983,https://www.pdga.com/player/88370,,
129332,David Fleck,998,https://www.pdga.com/player/129332,,
53558,Abrahan Bahena,997,https://www.pdga.com/player/53558,,
65847,Sou Miura,984,https://www.pdga.com/player/65847,,
78136,William Hannu,992,https://www.pdga.com/player/78136,,
53565,Eric Oakley,1021,https://www.pdga.com/player/53565,,
162114,Linus Axelsson,979,https://www.pdga.com/player/162114,,
61770,AJ Carey,1010,https://www.pdga.com/player/61770,,
20816,Mike Gillespie,962,https://www.pdga.com/player/20816,,
12626,David Feldberg,1014,https://www.pdga.com/player/12626,,
201045,Jason Newman,963,https://www.pdga.com/player/201045,,
180568,Chris Macias,979,https://www.pdga.com/player/180568,,
80219,Dan Schlitter,1017,https://www.pdga.com/player/80219,,
90461,Nolan Ramser,977,https://www.pdga.com/player/90461,,
33117,Justin Atwater-Taylor,966,https://www.pdga.com/player/33117,,
59742,Aidan Brock,979,https://www.pdga.com/player/59742,,
139619,Randy Dueck,1008,https://www.pdga.com/player/139619,,
100708,Blake Poland,1011,https://www.pdga.com/player/100708,,
65894,Leiv Aspén,961,https://www.pdga.com/player/65894,,
49519,James Beckner,978,https://www.pdga.com/player/49519,,
47472,Emerson Keith,1022,https://www.pdga.com/player/47472,,
133487,Max Crotty,978,https://www.pdga.com/player/133487,,
76145,Joshua Seeley,987,https://www.pdga.com/player/76145,,
35187,Dustin Keegan,1000,https://www.pdga.com/player/35187,,
153972,Timothy Wilson,953,https://www.pdga.com/player/153972,,
137590,Jordan Henshaw,993,https://www.pdga.com/player/137590,,
76153,Danny Beauchamp,1001,https://www.pdga.com/player/76153,,
45433,Kirk Trevena,982,https://www.pdga.com/player/45433,,
82297,Lauri Lehtinen,1031,https://www.pdga.com/player/82297,,
59769,Henric Hagman,987,https://www.pdga.com/player/59769,,
139649,Jack Dinsmore,989,https://www.pdga.com/player/139649,,
10628,Steve Brinster,1010,https://www.pdga.com/player/10628,,
53637,Tony Candyarms Cahill,993,https://www.pdga.com/player/53637,,
41351,Zach Moses,996,https://www.pdga.com/player/41351,,
18824,Nathan Sexton,1025,https://www.pdga.com/player/18824,,
74130,Oskari Vikström,1002,https://www.pdga.com/player/74130,,
102802,Kouichi Fukuta,1004,https://www.pdga.com/player/102802,,
65940,Jonathan Fletcher,992,https://www.pdga.com/player/65940,,
24981,Tyler Liebman,1005,https://www.pdga.com/player/24981,,
45463,Bhrahsten Waugh,997,https://www.pdga.com/player/45463,,
98722,Jake Monn,1013,https://www.pdga.com/player/98722,,
106915,Joe Notch,1009,https://www.pdga.com/player/106915,,
45478,,0,https://www.pdga.com/player/45478,,
145831,Ilkin Groh,1012,https://www.pdga.com/player/145831,,
104878,Timothy Hauck,932,https://www.pdga.com/player/104878,,
88497,Kesler Martin,1005,https://www.pdga.com/player/88497,,
119219,Henrik Roppen,932,https://www.pdga.com/player/119219,,
123319,E. Lucas Pierce,1000,https://www.pdga.com/player/123319,,
25016,Tommy Gunz Trujillo,956,https://www.pdga.com/player/25016,,
145847,Chris Thompson,914,https://www.pdga.com/player/145847,,
78268,Charlie Moore,1006,https://www.pdga.com/player/78268,,
104894,Adrian Chevalier,998,https://www.pdga.com/player/104894,,
68031,Chris B. Graham,968,https://www.pdga.com/player/68031,,
86464,Michael Hogeweide,905,https://www.pdga.com/player/86464,,
82373,Andrew Argandar-Valdez,966,https://www.pdga.com/player/82373,,
80331,Gavin Babcock,1022,https://www.pdga.com/player/80331,,
70093,Pasi Riihonen,932,https://www.pdga.com/player/70093,,
145870,Blake Whitehead,1003,https://www.pdga.com/player/145870,,
100815,Benjamin Stemen,1011,https://www.pdga.com/player/100815,,
178641,Kristoffer Messmer,952,https://www.pdga.com/player/178641,,
100818,Joey Temali,1009,https://www.pdga.com/player/100818,,
170454,Aaron Verhoff,980,https://www.pdga.com/player/170454,,
131546,Harry Chace,1012,https://www.pdga.com/player/131546,,
115165,Kirby Snyder,1001,https://www.pdga.com/player/115165,,
55776,Justin Anderson,996,https://www.pdga.com/player/55776,,
115168,Thao Tang,963,https://www.pdga.com/player/115168,,
96736,Lenni Kemppainen,1001,https://www.pdga.com/player/96736,,
51685,Randon Latta,1010,https://www.pdga.com/player/51685,,
176615,Nicolai Hagen,932,https://www.pdga.com/player/176615,,
43496,Heikki Saunanen,989,https://www.pdga.com/player/43496,,
127467,James Manchester,933,https://www.pdga.com/player/127467,,
49643,Garry Patton,997,https://www.pdga.com/player/49643,,
143853,Elijah Rider Brandt,997,https://www.pdga.com/player/143853,,
41455,Chase Estep,985,https://www.pdga.com/player/41455,,
147951,Guthrie Collins,997,https://www.pdga.com/player/147951,,
98803,Malachi Arzola,961,https://www.pdga.com/player/98803,,
72179,Scott Belchak,934,https://www.pdga.com/player/72179,,
127483,Andrew LaVoie,982,https://www.pdga.com/player/127483,,
111104,Sean Martin,996,https://www.pdga.com/player/111104,,
64002,Joe O'Brien,999,https://www.pdga.com/player/64002,,
80387,Yutaro Sakai,1000,https://www.pdga.com/player/80387,,
137733,Donovan Stein,995,https://www.pdga.com/player/137733,,
68103,Jared Stoll,1008,https://www.pdga.com/player/68103,,
104984,Kade Filimoehala,975,https://www.pdga.com/player/104984,,
117273,Chaz Larned,918,https://www.pdga.com/player/117273,,
64024,Kimi Hakkarainen,996,https://www.pdga.com/player/64024,,
113179,Micah Groth,1019,https://www.pdga.com/player/113179,,
111132,Noah Smithson,989,https://www.pdga.com/player/111132,,
29215,Sander Bahnerth,954,https://www.pdga.com/player/29215,,
27171,Paul Ulibarri,1024,https://www.pdga.com/player/27171,,
123433,Isak Andersson,976,https://www.pdga.com/player/123433,,
158252,Ricky King,926,https://www.pdga.com/player/158252,,
39469,Martin Hendel,1014,https://www.pdga.com/player/39469,,
53805,Brock Cummings,975,https://www.pdga.com/player/53805,,
82480,Geoff Lorenz,945,https://www.pdga.com/player/82480,,
184880,Oscar Langskau,939,https://www.pdga.com/player/184880,,
102965,Trey Martin,986,https://www.pdga.com/player/102965,,
94773,Kody Larson,979,https://www.pdga.com/player/94773,,
92729,Trent Somerville,997,https://www.pdga.com/player/92729,,
4666,Steven Rico,1006,https://www.pdga.com/player/4666,,
14908,Edward Palacios,955,https://www.pdga.com/player/14908,,
107074,Collin Thompson,988,https://www.pdga.com/player/107074,,
39491,Parker Welck,1015,https://www.pdga.com/player/39491,,
107078,Kristian Kuoksa,1011,https://www.pdga.com/player/107078,,
107079,Pekka Hyvönen,1016,https://www.pdga.com/player/107079,,
47689,Nick Newton,1006,https://www.pdga.com/player/47689,,
29264,Miles Seaborn,1033,https://www.pdga.com/player/29264,,
172633,Danny Moynihan,1001,https://www.pdga.com/player/172633,,
29274,Ryan Johnson,983,https://www.pdga.com/player/29274,,
168538,Kade Capps,991,https://www.pdga.com/player/168538,,
25183,Ray Hill,973,https://www.pdga.com/player/25183,,
131679,Aksel Korneliussen,975,https://www.pdga.com/player/131679,,
176735,William Nyström,952,https://www.pdga.com/player/176735,,
148067,John Ashworth,925,https://www.pdga.com/player/148067,,
76388,Greg Baldwin,930,https://www.pdga.com/player/76388,,
180838,Ben Mueck,972,https://www.pdga.com/player/180838,,
23143,Jake Schlagheck,965,https://www.pdga.com/player/23143,,
160360,Jeppe Jensen,952,https://www.pdga.com/player/160360,,
92779,Rasmus Metsamaa,991,https://www.pdga.com/player/92779,,
23148,Mike Gerads,994,https://www.pdga.com/player/23148,,
100981,Blake Waldron,995,https://www.pdga.com/player/100981,,
109175,Luke Sabulsky,968,https://www.pdga.com/player/109175,,
35449,Aaron Gossage,1030,https://www.pdga.com/player/35449,,
94844,Elijah Bickel,1002,https://www.pdga.com/player/94844,,
115326,Drew Lusk,925,https://www.pdga.com/player/115326,,
53889,Nick Anderson,980,https://www.pdga.com/player/53889,,
31364,Ryan Orton,993,https://www.pdga.com/player/31364,,
92805,Tyler Wozniak,986,https://www.pdga.com/player/92805,,
105093,Ryan Vanderburg,965,https://www.pdga.com/player/105093,,
62088,Tee Vetne,979,https://www.pdga.com/player/62088,,
103050,Levi Hancock,1014,https://www.pdga.com/player/103050,,
60044,Liam Stott,994,https://www.pdga.com/player/60044,,
27276,Daniel Polk,1002,https://www.pdga.com/player/27276,,
68237,Jakub Knápek,1018,https://www.pdga.com/player/68237,,
105105,Ryan Jones,930,https://www.pdga.com/player/105105,,
94872,Joni Peltonen,1006,https://www.pdga.com/player/94872,,
53915,Mike Jewel,933,https://www.pdga.com/player/53915,,
129701,Zach Lyons-Wade,962,https://www.pdga.com/player/129701,,
60069,Brandon Cawthorne,1000,https://www.pdga.com/player/60069,,
76456,Daniel Davidsson,1017,https://www.pdga.com/player/76456,,
84648,Nils Arne Håland,944,https://www.pdga.com/player/84648,,
80554,Blær Örn Ásgeirsson,1009,https://www.pdga.com/player/80554,,
45739,Dawson Snelling,1007,https://www.pdga.com/player/45739,,
45745,Mark Peters,995,https://www.pdga.com/player/45745,,
103093,Ole Andreas Grøtte Børnes,964,https://www.pdga.com/player/103093,,
125622,Jens Wendelboe,975,https://www.pdga.com/player/125622,,
78519,Sam Lee,1001,https://www.pdga.com/player/78519,,
94907,DW Hass,995,https://www.pdga.com/player/94907,,
68285,Grady Shue,1023,https://www.pdga.com/player/68285,,
68286,Nathan Queen,1020,https://www.pdga.com/player/68286,,
107197,Mauri Villmann,1025,https://www.pdga.com/player/107197,,
146110,Andrew Loewer,985,https://www.pdga.com/player/146110,,
117440,Magnus Hedegaard,964,https://www.pdga.com/player/117440,,
176840,Marius Gulbrandsen,994,https://www.pdga.com/player/176840,,
49865,Maximus Meyer,990,https://www.pdga.com/player/49865,,
103114,Mathias Villota,1009,https://www.pdga.com/player/103114,,
119504,Gavin Phillips,1001,https://www.pdga.com/player/119504,,
56016,Thunder Schultz,1002,https://www.pdga.com/player/56016,,
72409,,0,https://www.pdga.com/player/72409,,
49885,G.T. Hancock,1011,https://www.pdga.com/player/49885,,
47837,Travis Head,1004,https://www.pdga.com/player/47837,,
33504,Dan Hastings,1009,https://www.pdga.com/player/33504,,
74465,Gideon Drake,983,https://www.pdga.com/player/74465,,
56037,Joshua Patin,1010,https://www.pdga.com/player/56037,,
99053,Tristan Tanner,1009,https://www.pdga.com/player/99053,,
72429,Harris Reid,973,https://www.pdga.com/player/72429,,
25325,Patrick Blazek,986,https://www.pdga.com/player/25325,,
31473,Dutch Napier,1004,https://www.pdga.com/player/31473,,
43762,Jake Hebenheimer,1018,https://www.pdga.com/player/43762,,
19195,Kevin Gleason,995,https://www.pdga.com/player/19195,,
80636,Alexander Lyon,988,https://www.pdga.com/player/80636,,
215811,Amund Eidsmoen,967,https://www.pdga.com/player/215811,,
121610,Jeff Yanda,965,https://www.pdga.com/player/121610,,
68364,Michael Deeter,936,https://www.pdga.com/player/68364,,
33551,Tony Ferro,1011,https://www.pdga.com/player/33551,,
99089,Shay Montes,984,https://www.pdga.com/player/99089,,
25363,Fred Jarrett,953,https://www.pdga.com/player/25363,,
99092,Frank Smith,995,https://www.pdga.com/player/99092,,
41750,Pete Ulibarri,1004,https://www.pdga.com/player/41750,,
88857,Huntington Coats,969,https://www.pdga.com/player/88857,,
72478,Josh Bergquist,934,https://www.pdga.com/player/72478,,
41760,Kevin Jones,1022,https://www.pdga.com/player/41760,,
54049,Austin Turner,1022,https://www.pdga.com/player/54049,,
41772,Jason Barela,933,https://www.pdga.com/player/41772,,
31536,Logan Bowers,1014,https://www.pdga.com/player/31536,,
68408,Jason Brown,960,https://www.pdga.com/player/68408,,
103224,Jeffory Roy,991,https://www.pdga.com/player/103224,,
43834,John Jones,1007,https://www.pdga.com/player/43834,,
66362,,0,https://www.pdga.com/player/66362,,
41793,David Marinelli,959,https://www.pdga.com/player/41793,,
56137,Brad Hummel,976,https://www.pdga.com/player/56137,,
95050,Josef Berg,1000,https://www.pdga.com/player/95050,,
74569,Håkon Kveseth,999,https://www.pdga.com/player/74569,,
101197,Zachary Nash,1015,https://www.pdga.com/player/101197,,
99153,Noah Fiveash,975,https://www.pdga.com/player/99153,,
58197,Chris Villa,999,https://www.pdga.com/player/58197,,
154455,Logan Porter,978,https://www.pdga.com/player/154455,,
54106,Thomas Earhart,1003,https://www.pdga.com/player/54106,,
97115,Kevin Kiefer III,1019,https://www.pdga.com/player/97115,,
99166,Ian Craveiro,973,https://www.pdga.com/player/99166,,
52063,Alex Geisinger,1027,https://www.pdga.com/player/52063,,
60259,Harper Thompson,1016,https://www.pdga.com/player/60259,,
11110,Kevin Babbit,994,https://www.pdga.com/player/11110,,
50024,Calvin Caldwell,1007,https://www.pdga.com/player/50024,,
78697,Chris Nelson,1017,https://www.pdga.com/player/78697,,
138089,Dallas Garber,1005,https://www.pdga.com/player/138089,,
142186,Jason The,963,https://www.pdga.com/player/142186,,
170866,Austin Baron,948,https://www.pdga.com/player/170866,,
121715,Ezra Aderhold,1029,https://www.pdga.com/player/121715,,
166771,Luke Bayne,996,https://www.pdga.com/player/166771,,
50038,Ryan Anderson,971,https://www.pdga.com/player/50038,,
76669,Albert Tamm,1022,https://www.pdga.com/player/76669,,
33661,Jeff Faes,1001,https://www.pdga.com/player/33661,,
72576,Peter Lunde,1006,https://www.pdga.com/player/72576,,
68481,Scott Adams,986,https://www.pdga.com/player/68481,,
27523,Paul McBeth,1037,https://www.pdga.com/player/27523,,
105350,Alan Morrison,976,https://www.pdga.com/player/105350,,
58251,Ralph Matrau,958,https://www.pdga.com/player/58251,,
129933,Markus Saarepuu,981,https://www.pdga.com/player/129933,,
88974,Brandon Whitaker,964,https://www.pdga.com/player/88974,,
17295,James Conrad,1025,https://www.pdga.com/player/17295,,
142224,Ryan Chesla,988,https://www.pdga.com/player/142224,,
140174,Ville Kankaanpää,994,https://www.pdga.com/player/140174,,
43919,Ryan Conto,967,https://www.pdga.com/player/43919,,
45971,Calvin Heimburg,1050,https://www.pdga.com/player/45971,,
72600,Robert Craig,971,https://www.pdga.com/player/72600,,
31644,Bradley Williams,1031,https://www.pdga.com/player/31644,,
41884,Øyvind Jarnes,1021,https://www.pdga.com/player/41884,,
45981,Bryant Begay,933,https://www.pdga.com/player/45981,,
41886,Sølve Andre Hatlen,964,https://www.pdga.com/player/41886,,
162717,Axel Wernborg,973,https://www.pdga.com/player/162717,,
33705,Jeremy Koling,1025,https://www.pdga.com/player/33705,,
129963,Braeden Sides,1020,https://www.pdga.com/player/129963,,
60332,Nick Robinson,995,https://www.pdga.com/player/60332,,
99246,Aidan Scott,1015,https://www.pdga.com/player/99246,,
158640,Rainers Balodis,1004,https://www.pdga.com/player/158640,,
117680,Luke Callaghan,986,https://www.pdga.com/player/117680,,
62387,Edward Ward,1006,https://www.pdga.com/player/62387,,
37817,Eagle McMahon,1049,https://www.pdga.com/player/37817,,
41918,Chris Shotwell,1003,https://www.pdga.com/player/41918,,
41920,Bryan Gort,970,https://www.pdga.com/player/41920,,
25541,Chandler Fry,1016,https://www.pdga.com/player/25541,,
152518,Dylan Lloyd,982,https://www.pdga.com/player/152518,,
101319,Logan Harpool,1007,https://www.pdga.com/player/101319,,
197577,Owen Hamilton,993,https://www.pdga.com/player/197577,,
183242,Tord Thoresen Dybhavn,933,https://www.pdga.com/player/183242,,
91085,Ryan Swendrowski,949,https://www.pdga.com/player/91085,,
60367,Kyle Giovannini,995,https://www.pdga.com/player/60367,,
58320,Andrew Fish,1013,https://www.pdga.com/player/58320,,
78805,Jeremy Farnsworth,955,https://www.pdga.com/player/78805,,
84958,Clint Calvin,1013,https://www.pdga.com/player/84958,,
74719,Chris Pinegar,1014,https://www.pdga.com/player/74719,,
78817,Sullivan Tipton,1024,https://www.pdga.com/player/78817,,
91114,Stewart Mendenhall,978,https://www.pdga.com/player/91114,,
60399,Cole Wehrheim,1000,https://www.pdga.com/player/60399,,
119794,Jonathan Borzick,999,https://www.pdga.com/player/119794,,
130037,,0,https://www.pdga.com/player/130037,,
164861,Sondre Pettersen,946,https://www.pdga.com/player/164861,,
58367,Tate Galloway,968,https://www.pdga.com/player/58367,,
15361,Lucas Potts,955,https://www.pdga.com/player/15361,,
62467,Chris Dickerson,1041,https://www.pdga.com/player/62467,,
74759,Joseph Kulp,958,https://www.pdga.com/player/74759,,
80904,Thomas Tomaselli,997,https://www.pdga.com/player/80904,,
111626,Morten Kristiansen,968,https://www.pdga.com/player/111626,,
93197,Chris Runyan,970,https://www.pdga.com/player/93197,,
101390,,0,https://www.pdga.com/player/101390,,
125969,Matt Thompson,1004,https://www.pdga.com/player/125969,,
60435,Ian Burchett,1004,https://www.pdga.com/player/60435,,
60436,Gavin Rathbun,1022,https://www.pdga.com/player/60436,,
89111,Zack Finwall,988,https://www.pdga.com/player/89111,,
109591,Michael Clark,975,https://www.pdga.com/player/109591,,
115742,Sam DiCarlo,1004,https://www.pdga.com/player/115742,,
54302,Andrew Martin,1002,https://www.pdga.com/player/54302,,
35876,Colten Montgomery,1010,https://www.pdga.com/player/35876,,
140327,Justin Chiu,993,https://www.pdga.com/player/140327,,
91175,Max Ringbom,983,https://www.pdga.com/player/91175,,
25645,Mike Lassuy,1003,https://www.pdga.com/player/25645,,
33838,Nicholas Gill,1005,https://www.pdga.com/player/33838,,
107567,Teemu Lampainen,1019,https://www.pdga.com/player/107567,,
97326,Josh Riley,982,https://www.pdga.com/player/97326,,
121902,Courage Davis,991,https://www.pdga.com/player/121902,,
15410,Matthew Blakely,1011,https://www.pdga.com/player/15410,,
29750,Brian Smith,952,https://www.pdga.com/player/29750,,
89148,Andrew Brown,996,https://www.pdga.com/player/89148,,
121920,Mason Hults,987,https://www.pdga.com/player/121920,,
199745,Mark Turner,993,https://www.pdga.com/player/199745,,
3140,Scott Stokely,1013,https://www.pdga.com/player/3140,,
74823,Trevor Dominy,993,https://www.pdga.com/player/74823,,
31818,Calvin Pettigrew,1000,https://www.pdga.com/player/31818,,
80974,Severi Saviniemi,1013,https://www.pdga.com/player/80974,,
70741,Mark Chapalonis,1003,https://www.pdga.com/player/70741,,
132181,Christopher Hess,938,https://www.pdga.com/player/132181,,
107607,Daniel Sutton-Kane,935,https://www.pdga.com/player/107607,,
216157,Paavo Putto,996,https://www.pdga.com/player/216157,,
89184,Rienk Kan,976,https://www.pdga.com/player/89184,,
87143,Bo McLaughlin,1002,https://www.pdga.com/player/87143,,
109674,Christopher Robbins,997,https://www.pdga.com/player/109674,,
121962,Allan Kask,973,https://www.pdga.com/player/121962,,
150636,Jarred Neilson,898,https://www.pdga.com/player/150636,,
46190,Shawn Sullivan,949,https://www.pdga.com/player/46190,,
91249,Niklas Anttila,1042,https://www.pdga.com/player/91249,,
138355,Nathaniel Johnson,998,https://www.pdga.com/player/138355,,
175222,Matthew Brown,970,https://www.pdga.com/player/175222,,
38008,Richard Wysocki,1046,https://www.pdga.com/player/38008,,
185472,Weston Hasch,954,https://www.pdga.com/player/185472,,
68737,Bartosz Kowalewski,980,https://www.pdga.com/player/68737,,
40067,Rich Klein III,985,https://www.pdga.com/player/40067,,
136325,Rasmus Saukkoriipi,1014,https://www.pdga.com/player/136325,,
99462,Jon Lynn,979,https://www.pdga.com/player/99462,,
15494,Christopher Albert,959,https://www.pdga.com/player/15494,,
50312,Zackeriath Johnson,997,https://www.pdga.com/player/50312,,
76936,Johannes Orbesen,924,https://www.pdga.com/player/76936,,
263305,Max Schulze,999,https://www.pdga.com/player/263305,,
85132,Kyle Klein,1039,https://www.pdga.com/player/85132,,
72844,Mason Ford,1032,https://www.pdga.com/player/72844,,
97422,Ian Hamilton,993,https://www.pdga.com/player/97422,,
187533,Duncan Farquharson,970,https://www.pdga.com/player/187533,,
144530,Ben Wolff,1005,https://www.pdga.com/player/144530,,
165010,Justus Sarvi,1002,https://www.pdga.com/player/165010,,
210071,Tobias Voß,983,https://www.pdga.com/player/210071,,
144536,Jake Wolff,1006,https://www.pdga.com/player/144536,,
46234,Brian Dudney,989,https://www.pdga.com/player/46234,,
79004,Elias Gripler,981,https://www.pdga.com/player/79004,,
142494,Eivind Røgeberg Haakonseth,948,https://www.pdga.com/player/142494,,
205985,Hayden Frederiksen,991,https://www.pdga.com/player/205985,,
97442,Adam Halford,981,https://www.pdga.com/player/97442,,
27812,Max Regitnig,1012,https://www.pdga.com/player/27812,,
177319,Cade Kohlmeier,971,https://www.pdga.com/player/177319,,
167082,Anders Haugen,932,https://www.pdga.com/player/167082,,
68789,Ty Peters,914,https://www.pdga.com/player/68789,,
7350,Jon Drummond,983,https://www.pdga.com/player/7350,,
136376,Morten Mikkelhaug,931,https://www.pdga.com/player/136376,,
212153,Waden Sides,1004,https://www.pdga.com/player/212153,,
99515,Noah Free,987,https://www.pdga.com/player/99515,,
89276,Brian Parker,952,https://www.pdga.com/player/89276,,
44222,Mando Flores,971,https://www.pdga.com/player/44222,,
56511,Jacob Courtis,1002,https://www.pdga.com/player/56511,,
173253,,0,https://www.pdga.com/player/173253,,
101574,Evan Smith,1026,https://www.pdga.com/player/101574,,
79047,Silas Schultz,1018,https://www.pdga.com/player/79047,,
11462,Andy Moering,962,https://www.pdga.com/player/11462,,
72905,Pyry Joutsen,1015,https://www.pdga.com/player/72905,,
101578,,0,https://www.pdga.com/player/101578,,
48338,Reid Frescura,1003,https://www.pdga.com/player/48338,,
101586,Carl Falk,979,https://www.pdga.com/player/101586,,
79063,Brett Stetson,992,https://www.pdga.com/player/79063,,
48346,Drew Gibson,1024,https://www.pdga.com/player/48346,,
42202,Charles Behrhorst,1000,https://www.pdga.com/player/42202,,
81120,Leon Sonnleitner,990,https://www.pdga.com/player/81120,,
50401,Chris Clemons,1026,https://www.pdga.com/player/50401,,
68835,Austin Hannum,1012,https://www.pdga.com/player/68835,,
87267,Michael Arauza,979,https://www.pdga.com/player/87267,,
128231,Brent Hannu,995,https://www.pdga.com/player/128231,,
130281,Nicholas Harmon,963,https://www.pdga.com/player/130281,,
124138,Dylan Seppala,1010,https://www.pdga.com/player/124138,,
56555,Noah Meintsma,1006,https://www.pdga.com/player/56555,,
72939,Lauri Hämäläinen,1001,https://www.pdga.com/player/72939,,
214251,Niilo Hongisto,1010,https://www.pdga.com/player/214251,,
101609,Ture Valtonen,987,https://www.pdga.com/player/101609,,
171247,Taegen Wells,982,https://www.pdga.com/player/171247,,
70895,Cameron Cote,977,https://www.pdga.com/player/70895,,
42225,Zach Meeker,943,https://www.pdga.com/player/42225,,
29939,Michael Karp,959,https://www.pdga.com/player/29939,,
42236,Robert Lockwood,997,https://www.pdga.com/player/42236,,
52478,Brian Dyrdahl,999,https://www.pdga.com/player/52478,,
91397,Clay Edwards,1010,https://www.pdga.com/player/91397,,
52488,Niko Rättyä,995,https://www.pdga.com/player/52488,,
87305,Nathaniel DeLisle,986,https://www.pdga.com/player/87305,,
214285,Thomas Helgesen,953,https://www.pdga.com/player/214285,,
11534,Nikko Locastro,1025,https://www.pdga.com/player/11534,,
111887,Ryan Mulder,989,https://www.pdga.com/player/111887,,
103693,Tomáš Mozola,976,https://www.pdga.com/player/103693,,
122131,C.J. Nakayama,947,https://www.pdga.com/player/122131,,
58644,Lance Brown,996,https://www.pdga.com/player/58644,,
17686,Christopher Farnham,991,https://www.pdga.com/player/17686,,
3351,Jim Oates,964,https://www.pdga.com/player/3351,,
103705,Dillon Spellman,967,https://www.pdga.com/player/103705,,
140569,,0,https://www.pdga.com/player/140569,,
122140,Stephen Becker,984,https://www.pdga.com/player/122140,,
93475,Nate Hecker,1019,https://www.pdga.com/player/93475,,
23844,John Willis II,1000,https://www.pdga.com/player/23844,,
193830,Thomas Rosenlund,955,https://www.pdga.com/player/193830,,
140587,Espen Bernhardsen,986,https://www.pdga.com/player/140587,,
68908,Jaimen Hume,975,https://www.pdga.com/player/68908,,
42285,Chris Utah McKellips,917,https://www.pdga.com/player/42285,,
148785,Gabriel Hernández,984,https://www.pdga.com/player/148785,,
89394,Evan Scott,1020,https://www.pdga.com/player/89394,,
214321,Landen Sides,967,https://www.pdga.com/player/214321,,
179508,Joel Hyland,978,https://www.pdga.com/player/179508,,
58680,Chase Van Burkleo,990,https://www.pdga.com/player/58680,,
46394,Jason Lynn,993,https://www.pdga.com/player/46394,,
187709,John Wlascinski,968,https://www.pdga.com/player/187709,,
99648,Connor O'Reilly,1008,https://www.pdga.com/player/99648,,
173381,Lars Retterholt,931,https://www.pdga.com/player/173381,,
7495,Avery Jenkins,985,https://www.pdga.com/player/7495,,
251213,Gabe Porter,955,https://www.pdga.com/player/251213,,
38222,Brandon Clingan,957,https://www.pdga.com/player/38222,,
54607,Bob Kulchuk,951,https://www.pdga.com/player/54607,,
136529,Rick van Eijndhoven,947,https://www.pdga.com/player/136529,,
40274,Nick Hanson,1002,https://www.pdga.com/player/40274,,
32091,Brock Shepherd,1003,https://www.pdga.com/player/32091,,
44382,Anthony Barela,1039,https://www.pdga.com/player/44382,,
64867,Matěj Vojtík,1005,https://www.pdga.com/player/64867,,
159076,Alan Janzen,997,https://www.pdga.com/player/159076,,
44389,Tapani Aulu,1000,https://www.pdga.com/player/44389,,
124269,Evald Sandermoen Øwre,968,https://www.pdga.com/player/124269,,
126320,Toke Kyed,979,https://www.pdga.com/player/126320,,
38258,Kevin Bates,954,https://www.pdga.com/player/38258,,
165234,Herbert Grünsteidl,945,https://www.pdga.com/player/165234,,
146804,Kevin Fodrey,993,https://www.pdga.com/player/146804,,
77173,Olav André Brekke,956,https://www.pdga.com/player/77173,,
89460,Wyatt Mahoney,998,https://www.pdga.com/player/89460,,
64889,Mikael Häme,1018,https://www.pdga.com/player/64889,,
128378,Brodie Smith,1011,https://www.pdga.com/player/128378,,
77181,Austin Housewright,989,https://www.pdga.com/player/77181,,
58751,,0,https://www.pdga.com/player/58751,,
126344,Kaleb Skinner,1001,https://www.pdga.com/player/126344,,
157065,Mikk Mõts,983,https://www.pdga.com/player/157065,,
71050,Matthew Barajas,1000,https://www.pdga.com/player/71050,,
25999,Ricky Snapp,985,https://www.pdga.com/player/25999,,
46480,Bo Tillman,997,https://www.pdga.com/player/46480,,
19857,J.D. Ramirez,993,https://www.pdga.com/player/19857,,
23951,Max Kuller,872,https://www.pdga.com/player/23951,,
28051,Jeremy Mount,982,https://www.pdga.com/player/28051,,
38291,Jaspen Johnson,977,https://www.pdga.com/player/38291,,
64917,Luukas Rokkanen,1002,https://www.pdga.com/player/64917,,
44438,Jeffrey Yunker,984,https://www.pdga.com/player/44438,,
144790,Andrew Yale,963,https://www.pdga.com/player/144790,,
11674,Eric McCabe,1005,https://www.pdga.com/player/11674,,
118179,Levi Stout,1011,https://www.pdga.com/player/118179,,
26022,Justin Jones,956,https://www.pdga.com/player/26022,,
132521,Paul Krans,1021,https://www.pdga.com/player/132521,,
44458,Billy Engel,996,https://www.pdga.com/player/44458,,
89514,Brady Och,988,https://www.pdga.com/player/89514,,
116137,Hjalmar Fredriksson,1004,https://www.pdga.com/player/116137,,
150967,Brady Harbinson,968,https://www.pdga.com/player/150967,,
62904,Cody Munns,982,https://www.pdga.com/player/62904,,
28091,Steve Berger,988,https://www.pdga.com/player/28091,,
26045,Matt Dollar,1008,https://www.pdga.com/player/26045,,
58814,Cameron Messerschmidt,1003,https://www.pdga.com/player/58814,,
62910,Josh Miller,975,https://www.pdga.com/player/62910,,
81343,,0,https://www.pdga.com/player/81343,,
105925,Filip Dahlén,972,https://www.pdga.com/player/105925,,
89542,Taylor Coulam,974,https://www.pdga.com/player/89542,,
34250,James Proctor,1035,https://www.pdga.com/player/34250,,
118218,Tim Broadaway,956,https://www.pdga.com/player/118218,,
155087,Teemu Talikainen,1013,https://www.pdga.com/player/155087,,
110035,Benjamin Vansumeren,987,https://www.pdga.com/player/110035,,
69081,Roger Vartabedian,931,https://www.pdga.com/player/69081,,
40411,Eric Florence,941,https://www.pdga.com/player/40411,,
44512,Corey Ellis,1034,https://www.pdga.com/player/44512,,
81376,Melker Molin,976,https://www.pdga.com/player/81376,,
91619,Håvard Strand,941,https://www.pdga.com/player/91619,,
85483,Kristo Raik,1000,https://www.pdga.com/player/85483,,
50670,Isaac Robinson,1040,https://www.pdga.com/player/50670,,
50671,Ezra Robinson,1040,https://www.pdga.com/player/50671,,
26095,Joseph Kozlowski,1003,https://www.pdga.com/player/26095,,
15857,Gregg Barsby,1024,https://www.pdga.com/player/15857,,
103922,Tongia Vakaafi,973,https://www.pdga.com/player/103922,,
122356,Joseph Anderson,1032,https://www.pdga.com/player/122356,,
22006,Matthew Smith,930,https://www.pdga.com/player/22006,,
15864,Jay Yeti Reading,995,https://www.pdga.com/player/15864,,
7685,Christopher Horn,954,https://www.pdga.com/player/7685,,
138760,Lassi Kähäri,975,https://www.pdga.com/player/138760,,
69135,Michael Herrera,956,https://www.pdga.com/player/69135,,
120343,Owen McCall,998,https://www.pdga.com/player/120343,,
17946,Joshua Anthon,1014,https://www.pdga.com/player/17946,,
144929,Ryan Monn,1005,https://www.pdga.com/player/144929,,
89634,Petr Striegler,1009,https://www.pdga.com/player/89634,,
28198,Cody Kirkland,1015,https://www.pdga.com/player/28198,,
22055,Samuel Aldrich,1004,https://www.pdga.com/player/22055,,
13864,Garrett Gurthie,1025,https://www.pdga.com/player/13864,,
34344,Paul Oman,1016,https://www.pdga.com/player/34344,,
138791,Jamison Monroe,951,https://www.pdga.com/player/138791,,
58923,Jesse Nieminen,1026,https://www.pdga.com/player/58923,,
58926,Joona Heinänen,1028,https://www.pdga.com/player/58926,,
52785,Jacob Blair,1005,https://www.pdga.com/player/52785,,
20020,,0,https://www.pdga.com/player/20020,,
56886,Marshall Blanks,992,https://www.pdga.com/player/56886,,
101944,Caleb Bruce,1000,https://www.pdga.com/player/101944,,
44600,Bruce Esquivel,974,https://www.pdga.com/player/44600,,
34360,Jason Johnson,984,https://www.pdga.com/player/34360,,
38464,Scott Withers,1026,https://www.pdga.com/player/38464,,
161349,Arnar Prøis,944,https://www.pdga.com/player/161349,,
106059,Elias Luukkonen,1016,https://www.pdga.com/player/106059,,
159317,Otto Mäkinen,1001,https://www.pdga.com/player/159317,,
42587,Lars Somby,949,https://www.pdga.com/player/42587,,
30306,Joe Rovere,1036,https://www.pdga.com/player/30306,,
157282,Elvis Eriksson Sveiven,994,https://www.pdga.com/player/157282,,
67172,Trevon Crowe,1001,https://www.pdga.com/player/67172,,
134758,Nathan Welker,961,https://www.pdga.com/player/134758,,
48747,Joshua Castle,987,https://www.pdga.com/player/48747,,
20079,Ronnie Unruh,987,https://www.pdga.com/player/20079,,
77424,David Folk,956,https://www.pdga.com/player/77424,,
190064,Emil Karlsson,980,https://www.pdga.com/player/190064,,
196214,Nick Nelson,958,https://www.pdga.com/player/196214,,
87673,Brandon Brown,1014,https://www.pdga.com/player/87673,,
36474,Jeppe Ask Sørensen,963,https://www.pdga.com/player/36474,,
9852,JohnE McCray,1020,https://www.pdga.com/player/9852,,
196220,Graham Fuller,970,https://www.pdga.com/player/196220,,
13951,Chris Budzien,943,https://www.pdga.com/player/13951,,
130692,Onni Arminen,1018,https://www.pdga.com/player/130692,,
261773,Aapo Mäkelä,992,https://www.pdga.com/player/261773,,
59026,Justin Birch Sr,970,https://www.pdga.com/player/59026,,
73362,Jordan Renzelman,982,https://www.pdga.com/player/73362,,
75412,Gannon Buhr,1049,https://www.pdga.com/player/75412,,
118421,James Leon,975,https://www.pdga.com/player/118421,,
77462,Otto Lehtonen,992,https://www.pdga.com/player/77462,,
140954,Jake Brown,1004,https://www.pdga.com/player/140954,,
118426,Andrew Miranda,1008,https://www.pdga.com/player/118426,,
34459,John Ryan,972,https://www.pdga.com/player/34459,,
50844,Ryan Stilson,980,https://www.pdga.com/player/50844,,
163490,Brawley Sioux,994,https://www.pdga.com/player/163490,,
102051,Gustav Dahlén,1003,https://www.pdga.com/player/102051,,
130724,Austen Bates,1010,https://www.pdga.com/player/130724,,
16039,Andrew Wade,971,https://www.pdga.com/player/16039,,
40617,Michael Junod,960,https://www.pdga.com/player/40617,,
20150,Jack Wade,966,https://www.pdga.com/player/20150,,
18104,Mickey Pennington,944,https://www.pdga.com/player/18104,,
190137,Mathias Bergane Johansen,984,https://www.pdga.com/player/190137,,
16058,Tyler Horne,996,https://www.pdga.com/player/16058,,
87738,Matt Polson,975,https://www.pdga.com/player/87738,,
50876,Nicholas Stefano,912,https://www.pdga.com/player/50876,,
77497,Laurenz Schaurhofer,991,https://www.pdga.com/player/77497,,
124607,Gillis MacDougall,1008,https://www.pdga.com/player/124607,,
63170,Marko Narits,937,https://www.pdga.com/player/63170,,
65220,Isaac Marrs,970,https://www.pdga.com/player/65220,,
118469,Nathaniel Weaver,968,https://www.pdga.com/player/118469,,
28359,Nicholas Duran,996,https://www.pdga.com/player/28359,,
110290,Chris Paetz,977,https://www.pdga.com/player/110290,,
34518,Thoun Sien,970,https://www.pdga.com/player/34518,,
71392,Tommy Gunz III,955,https://www.pdga.com/player/71392,,
38631,Zach Melton,992,https://www.pdga.com/player/38631,,
14055,Travis Powell,995,https://www.pdga.com/player/14055,,
102119,Luke Taylor,1028,https://www.pdga.com/player/102119,,
50920,Kyle Moriarty,1008,https://www.pdga.com/player/50920,,
55021,Brandon Hauer,975,https://www.pdga.com/player/55021,,
44782,Jake Lauber,1004,https://www.pdga.com/player/44782,,
87790,Stanislaus Amann,1000,https://www.pdga.com/player/87790,,
65266,Zach Arlinghaus,1018,https://www.pdga.com/player/65266,,
102131,Cory Maanum,953,https://www.pdga.com/player/102131,,
77562,Michael Jordt,1009,https://www.pdga.com/player/77562,,
143099,Robert Johnson,951,https://www.pdga.com/player/143099,,
141052,Elmer Furustig,970,https://www.pdga.com/player/141052,,
108289,Braeden Moore,976,https://www.pdga.com/player/108289,,
61186,Silver Lätt,1015,https://www.pdga.com/player/61186,,
81669,Vebjørn Greger Løvmon,958,https://www.pdga.com/player/81669,,
93960,Eljas Saarinen,975,https://www.pdga.com/player/93960,,
55049,Chris Ozolins,1001,https://www.pdga.com/player/55049,,
153363,Jaden Rye,1002,https://www.pdga.com/player/153363,,
24341,Cale Leiviska,1034,https://www.pdga.com/player/24341,,
91925,Jakub Semerád,1029,https://www.pdga.com/player/91925,,
87836,Ryan Sheldon,1014,https://www.pdga.com/player/87836,,
177951,Marcus Ånonsen,938,https://www.pdga.com/player/177951,,
122655,Dylan Capaccioli,1014,https://www.pdga.com/player/122655,,
98091,Alden Harris,1029,https://www.pdga.com/player/98091,,
69424,Luke Humphries,1024,https://www.pdga.com/player/69424,,
26416,Philo Brathwaite,1011,https://www.pdga.com/player/26416,,
48950,Matt Bell,1026,https://www.pdga.com/player/48950,,
145206,Calvin Lonnquist,1015,https://www.pdga.com/player/145206,,
7992,Brad Schick,1006,https://www.pdga.com/player/7992,,
114490,Rick Kinkel,959,https://www.pdga.com/player/114490,,
46910,Mike Sale,1008,https://www.pdga.com/player/46910,,
96063,Jacob Chesser,1007,https://www.pdga.com/player/96063,,
118592,Trevor Hastert,972,https://www.pdga.com/player/118592,,
36673,Ken Parks,930,https://www.pdga.com/player/36673,,
202561,Zach Peters,973,https://www.pdga.com/player/202561,,
128836,Jacky Chen,1014,https://www.pdga.com/player/128836,,
132933,Hallvard Flatberg,962,https://www.pdga.com/player/132933,,
75590,Andrew Marwede,1028,https://www.pdga.com/player/75590,,
124742,Steven Carrillo,930,https://www.pdga.com/player/124742,,
83784,Phil McGuire,981,https://www.pdga.com/player/83784,,
165704,Daniel Moriel,961,https://www.pdga.com/player/165704,,
48964,Ricky Ovaitt,964,https://www.pdga.com/player/48964,,
81739,Casey White,1020,https://www.pdga.com/player/81739,,
118604,Andrew Paulson,976,https://www.pdga.com/player/118604,,
20300,Michael Johansen,1013,https://www.pdga.com/player/20300,,
210763,Anthony Bodanza,987,https://www.pdga.com/player/210763,,
98130,Dennis Augustsson,1002,https://www.pdga.com/player/98130,,
32599,Dylan Horst,1004,https://www.pdga.com/player/32599,,
26455,Charlie Goodpasture,1002,https://www.pdga.com/player/26455,,
137047,Austin Jordan,967,https://www.pdga.com/player/137047,,
85850,Thomas Gilbert,1015,https://www.pdga.com/player/85850,,
167771,Kenneth Enoksen,924,https://www.pdga.com/player/167771,,
153445,Corbin Milchesky,999,https://www.pdga.com/player/153445,,
89959,Ty Love,1013,https://www.pdga.com/player/89959,,
135018,Matias Kanniainen,984,https://www.pdga.com/player/135018,,
104299,Rasmus Tuominen,1007,https://www.pdga.com/player/104299,,
98161,Justin Rosak,1002,https://www.pdga.com/player/98161,,
71538,Mychael Washam,968,https://www.pdga.com/player/71538,,
182130,Alexander Standal Borgersrud,981,https://www.pdga.com/player/182130,,
98164,Garett Everson,1009,https://www.pdga.com/player/98164,,
81781,Matt Hammersten,1021,https://www.pdga.com/player/81781,,
24437,David Wiggins Jr,990,https://www.pdga.com/player/24437,,
128887,Keiro Jõgisalu,981,https://www.pdga.com/player/128887,,
57205,Matt Hanne,981,https://www.pdga.com/player/57205,,
135025,Benjamin Wagner,1007,https://www.pdga.com/player/135025,,
44919,Isaac Heinen,1014,https://www.pdga.com/player/44919,,
110462,Nestori Tuhkanen,1019,https://www.pdga.com/player/110462,,
71551,Joonas Aalto,1011,https://www.pdga.com/player/71551,,
79748,Cole Redalen,1039,https://www.pdga.com/player/79748,,
69509,Joel Freeman,1034,https://www.pdga.com/player/69509,,
28550,,0,https://www.pdga.com/player/28550,,
63364,Josh Coghill,1002,https://www.pdga.com/player/63364,,
104328,Paul Black,954,https://www.pdga.com/player/104328,,
79753,Mason Marchbanks,1014,https://www.pdga.com/player/79753,,
44938,Mitchell Privette,999,https://www.pdga.com/player/44938,,
100243,Taylor Dutto,937,https://www.pdga.com/player/100243,,
20375,Jimmy Zamora,974,https://www.pdga.com/player/20375,,
28567,Patrick Burke,979,https://www.pdga.com/player/28567,,
18330,Matthew Orum,1045,https://www.pdga.com/player/18330,,
87964,Samuel Hänninen,1012,https://www.pdga.com/player/87964,,
120743,Axel Olson,1007,https://www.pdga.com/player/120743,,
18348,Dominic Smith,933,https://www.pdga.com/player/18348,,
44974,Logan Ritter,998,https://www.pdga.com/player/44974,,
165807,Jason Lawson,997,https://www.pdga.com/player/165807,,
40883,,0,https://www.pdga.com/player/40883,,
36788,Stephen Williams,935,https://www.pdga.com/player/36788,,
28597,Shasta Criss,998,https://www.pdga.com/player/28597,,
42934,Matt Neiman,953,https://www.pdga.com/player/42934,,
44985,"Danny ""Boost It"" Cherlow",974,https://www.pdga.com/player/44985,,
131002,Onni Ruusunen,1020,https://www.pdga.com/player/131002,,
83906,Tom Erik K Steen,978,https://www.pdga.com/player/83906,,
20419,Dave Burnham,968,https://www.pdga.com/player/20419,,
8139,Manabu Kajiyama,1027,https://www.pdga.com/player/8139,,
169932,Jonas Friis Nielsen,971,https://www.pdga.com/player/169932,,
28623,Damien Trunkey,1002,https://www.pdga.com/player/28623,,
202704,Miika Martikainen,956,https://www.pdga.com/player/202704,,
108495,Scott Watson,987,https://www.pdga.com/player/108495,,
114642,Petr Mrázek,976,https://www.pdga.com/player/114642,,
42963,Ben Kroll,997,https://www.pdga.com/player/42963,,
135125,Fritiof Fagergren,985,https://www.pdga.com/player/135125,,
139228,Chandler Kramer,1018,https://www.pdga.com/player/139228,,
73695,Connor Rock,1012,https://www.pdga.com/player/73695,,
131039,Hugo Dwyer,966,https://www.pdga.com/player/131039,,
192484,,0,https://www.pdga.com/player/192484,,
32750,Aaron Doyle,982,https://www.pdga.com/player/32750,,
75759,Saku Poikonen,985,https://www.pdga.com/player/75759,,
131056,Eetu Tuominen,1011,https://www.pdga.com/player/131056,,
186354,Veeti Kemppi,973,https://www.pdga.com/player/186354,,
79859,Morten Brenna,1000,https://www.pdga.com/player/79859,,
88054,,0,https://www.pdga.com/player/88054,,
108537,Julien Quenneville,980,https://www.pdga.com/player/108537,,
118781,Ethan Stout,972,https://www.pdga.com/player/118781,,
